{"cameraMode":{"drawMode":0,"name":"Shaded","section":"Shading Mode"},"sceneLighting":false,"audioPlay":false,"sceneViewState":{"showFog":true,"showMaterialUpdate":false,"showSkybox":false,"showFlares":true,"showImageEffects":true,"showParticleSystems":true},"in2DMode":false,"pivot":{"x":1.353320837020874,"y":-8.560192108154297,"z":3.654815196990967},"rotation":{"x":-0.5123929977416992,"y":0.09669273346662522,"z":-0.058198560029268268,"w":-0.851303219795227},"size":9.1005220413208,"orthographic":false}