{"cameraMode":{"drawMode":0,"name":"Shaded","section":"Shading Mode"},"sceneLighting":false,"audioPlay":false,"sceneViewState":{"showFog":true,"showMaterialUpdate":false,"showSkybox":false,"showFlares":true,"showImageEffects":true,"showParticleSystems":true},"in2DMode":false,"pivot":{"x":3.002302885055542,"y":-5.039469242095947,"z":11.23385238647461},"rotation":{"x":-0.24496972560882569,"y":-0.04884237051010132,"z":0.01235765591263771,"w":-0.9682208895683289},"size":12.385653495788575,"orthographic":false}