{"cameraMode":{"drawMode":0,"name":"Shaded","section":"Shading Mode"},"sceneLighting":false,"audioPlay":false,"sceneViewState":{"showFog":true,"showMaterialUpdate":false,"showSkybox":false,"showFlares":true,"showImageEffects":true,"showParticleSystems":true},"in2DMode":false,"pivot":{"x":1.0,"y":1.3280000686645508,"z":-0.7893999814987183},"rotation":{"x":-0.29767653346061709,"y":0.1991252303123474,"z":-0.06363320350646973,"w":-0.9315021634101868},"size":0.8660287261009216,"orthographic":false}