{"cameraMode":{"drawMode":0,"name":"Shaded","section":"Shading Mode"},"sceneLighting":false,"audioPlay":false,"sceneViewState":{"showFog":true,"showMaterialUpdate":false,"showSkybox":false,"showFlares":true,"showImageEffects":true,"showParticleSystems":true},"in2DMode":false,"pivot":{"x":-2.5108842849731447,"y":0.1993098258972168,"z":-2.310762882232666},"rotation":{"x":-0.30816468596458437,"y":0.5080974102020264,"z":-0.20106357336044312,"w":-0.7787500023841858},"size":7.668510913848877,"orthographic":false}