{"cameraMode":{"drawMode":0,"name":"Shaded","section":"Shading Mode"},"sceneLighting":false,"audioPlay":false,"sceneViewState":{"showFog":true,"showMaterialUpdate":false,"showSkybox":false,"showFlares":true,"showImageEffects":true,"showParticleSystems":true},"in2DMode":false,"pivot":{"x":-0.5652313232421875,"y":-0.7316417694091797,"z":-1.1873722076416016},"rotation":{"x":-0.37046149373054507,"y":0.3302605450153351,"z":-0.1428784877061844,"w":-0.8563159108161926},"size":2.4247450828552248,"orthographic":false}