{"cameraMode":{"drawMode":0,"name":"Shaded","section":"Shading Mode"},"sceneLighting":true,"audioPlay":false,"sceneViewState":{"showFog":true,"showMaterialUpdate":false,"showSkybox":true,"showFlares":true,"showImageEffects":true,"showParticleSystems":true},"in2DMode":false,"pivot":{"x":0.5798358917236328,"y":-3.2244529724121095,"z":-2.0759353637695314},"rotation":{"x":-0.2511404752731323,"y":0.2034471333026886,"z":-0.0540788397192955,"w":-0.9447864890098572},"size":9.280200958251954,"orthographic":false}