{"cameraMode":{"drawMode":0,"name":"Shaded","section":"Shading Mode"},"sceneLighting":false,"audioPlay":false,"sceneViewState":{"showFog":true,"showMaterialUpdate":false,"showSkybox":false,"showFlares":true,"showImageEffects":true,"showParticleSystems":true},"in2DMode":false,"pivot":{"x":-3.3488078117370607,"y":-2.238844871520996,"z":3.97683048248291},"rotation":{"x":-0.27741116285324099,"y":0.21024975180625916,"z":-0.062353916466236117,"w":-0.9353912472724915},"size":8.394328117370606,"orthographic":false}