{"cameraMode":{"drawMode":0,"name":"Shaded","section":"Shading Mode"},"sceneLighting":false,"audioPlay":false,"sceneViewState":{"showFog":true,"showMaterialUpdate":false,"showSkybox":false,"showFlares":true,"showImageEffects":true,"showParticleSystems":true},"in2DMode":false,"pivot":{"x":-0.7528209686279297,"y":-0.04596710205078125,"z":-1.8056378364562989},"rotation":{"x":-0.5516964197158814,"y":0.16070085763931275,"z":-0.10930875688791275,"w":-0.8110872507095337},"size":5.935421466827393,"orthographic":false}